{"Validation Output Visualizations": {"_type": "image-file", "sha256": "c114367e325da51f29195234b1a7c6d349e908c616df5e42773b18a67a5fa4c4", "size": 30543, "path": "media/images/Validation Output Visualizations_1_c114367e325da51f2919.png", "format": "png", "width": 1200, "height": 300}, "_timestamp": 1680289824.7604785, "_runtime": 468.35484743118286, "_step": 2, "lr-AdamW": 0.0001, "trainer/global_step": 0, "_wandb": {"runtime": 488}}