{"Validation Output Visualizations": {"_type": "image-file", "sha256": "aa98a6128fcea4e48711ecf256cacdbd856af343266a4a62f0301e5d9a22dc55", "size": 105367, "path": "media/images/Validation Output Visualizations_1_aa98a6128fcea4e48711.png", "format": "png", "width": 1200, "height": 300}, "_timestamp": 1681239950.9399626, "_runtime": 622.1482887268066, "_step": 60, "lr-AdamW": 0.0001, "trainer/global_step": 2146, "train_loss": 0.15590019524097443, "epoch": 28, "_wandb": {"runtime": 918}}