{"Validation Output Visualizations": {"_type": "image-file", "sha256": "a2e608ef47ff071d707cee14dd31eb335a35c72582bb94ce10d8306d6eedba24", "size": 47826, "path": "media/images/Validation Output Visualizations_1_a2e608ef47ff071d707c.png", "format": "png", "width": 1200, "height": 300}, "_timestamp": 1681240580.71114, "_runtime": 262.6355810165405, "_step": 2, "lr-AdamW": 0.0001, "trainer/global_step": 0, "_wandb": {"runtime": 269}}