{"Validation Output Visualizations": {"_type": "image-file", "sha256": "417db5fa5f4c0b169f2a30a1b660cae4437b7f906953ed2fbcec7da64ca53677", "size": 34757, "path": "media/images/Validation Output Visualizations_1_417db5fa5f4c0b169f2a.png", "format": "png", "width": 1200, "height": 300}, "_timestamp": 1680892964.8871684, "_runtime": 309.71327233314514, "_step": 14, "lr-AdamW": 0.0001, "trainer/global_step": 444, "train_loss": 0.8295082449913025, "epoch": 5, "_wandb": {"runtime": 320}}