{"Validation Output Visualizations": {"_type": "image-file", "sha256": "2f80394038e1dc7c54d86405cf44ea02746ac28d63e6fa96fa419ddc581c483a", "size": 121107, "path": "media/images/Validation Output Visualizations_1_2f80394038e1dc7c54d8.png", "format": "png", "width": 1200, "height": 300}, "_timestamp": 1681829236.5192363, "_runtime": 319.549179315567, "_step": 56, "lr-AdamW": 0.0001, "trainer/global_step": 1998, "train_loss": 0.13989189267158508, "epoch": 26, "_wandb": {"runtime": 321}}