{"Validation Output Visualizations": {"_type": "image-file", "sha256": "acf819d337c7a9707513b8f9c864686404a63c8980de59df04ba14bc5442e081", "size": 33759, "path": "media/images/Validation Output Visualizations_1754_acf819d337c7a9707513.png", "format": "png", "width": 1200, "height": 300}, "_timestamp": 1680275173.6400251, "_runtime": 4133.924463033676, "_step": 1815, "lr-AdamW": 0.0001, "trainer/global_step": 1678, "train_loss": 0.9309456944465637, "epoch": 838, "val_dice": 0.0, "val_loss": 0.9974383115768433, "_wandb": {"runtime": 4140}}