{"Validation Output Visualizations": {"_type": "image-file", "sha256": "5e030ac35fe6a14479ee4d252c9dce7deb832bdac6e6293f4f7ec885dd276b7a", "size": 67944, "path": "media/images/Validation Output Visualizations_9129_5e030ac35fe6a14479ee.png", "format": "png", "width": 1200, "height": 300}, "_timestamp": 1681351274.765811, "_runtime": 109931.97718191147, "_step": 9151, "lr-AdamW": 0.0001, "trainer/global_step": 184999, "train_loss": 0.040690042078495026, "epoch": 2499, "val_loss": 0.9961192607879639, "val_dice": 0.45984357595443726, "_wandb": {"runtime": 109938}}