{"Validation Output Visualizations": {"_type": "image-file", "sha256": "84d60dc4991ae5b8b3e0057408cc192d089c4b14c4be47ddbeecf4135fe9add0", "size": 25570, "path": "media/images/Validation Output Visualizations_1_84d60dc4991ae5b8b3e0.png", "format": "png", "width": 1200, "height": 300}, "_timestamp": 1680893019.8307698, "_runtime": 14.786617755889893, "_step": 2, "lr-AdamW": 0.0001, "trainer/global_step": 0, "_wandb": {"runtime": 15}}