{"Validation Output Visualizations": {"_type": "image-file", "sha256": "e844670bf7c218f1c351f270fbf0328ad77c1899485f4d8994c50347d07ebe79", "size": 41489, "path": "media/images/Validation Output Visualizations_1_e844670bf7c218f1c351.png", "format": "png", "width": 1200, "height": 300}, "_timestamp": 1681233951.598258, "_runtime": 182.73387503623962, "_step": 2, "lr-AdamW": 0.0001, "trainer/global_step": 0, "_wandb": {"runtime": 188}}