{"Validation Output Visualizations": {"_type": "image-file", "sha256": "cc32e1b81d46af0ebbca84ae8217e85610892ab736b9bac4d4cdd7f73cd4906d", "size": 94625, "path": "media/images/Validation Output Visualizations_1_cc32e1b81d46af0ebbca.png", "format": "png", "width": 1200, "height": 300}, "_timestamp": 1679931497.3256717, "_runtime": 307.06697273254395, "_step": 2, "lr-AdamW": 0.0001, "trainer/global_step": 0, "_wandb": {"runtime": 314}}