{"Validation Output Visualizations": {"_type": "image-file", "sha256": "a392460e75cd44e59459608598392acc22ad5601625c51e44be928c1c4dd54ba", "size": 41174, "path": "media/images/Validation Output Visualizations_1_a392460e75cd44e59459.png", "format": "png", "width": 1200, "height": 300}, "_timestamp": 1680891845.7334929, "_runtime": 688.6635477542877, "_step": 24, "lr-AdamW": 0.0001, "trainer/global_step": 814, "train_loss": 0.940564751625061, "epoch": 10, "_wandb": {"runtime": 720}}