{"Validation Output Visualizations": {"_type": "image-file", "sha256": "6e3b9940369c0c998e8a18dc1b963f451ee5abe3d1d01eed46c0cae406f49058", "size": 29647, "path": "media/images/Validation Output Visualizations_1_6e3b9940369c0c998e8a.png", "format": "png", "width": 1200, "height": 300}, "_timestamp": 1680889390.1388984, "_runtime": 1227.1954452991486, "_step": 2, "lr-AdamW": 0.0001, "trainer/global_step": 0, "_wandb": {"runtime": 1281}}