{"Validation Output Visualizations": {"_type": "image-file", "sha256": "df4ca1a4924486d0123d415578342fb92124ccc07c51cef8b82e036c97218a08", "size": 92623, "path": "media/images/Validation Output Visualizations_1_df4ca1a4924486d0123d.png", "format": "png", "width": 1200, "height": 300}, "_timestamp": 1681242786.943642, "_runtime": 33.79250693321228, "_step": 2, "lr-AdamW": 0.0001, "trainer/global_step": 0, "_wandb": {"runtime": 34}}