{"Validation Output Visualizations": {"_type": "image-file", "sha256": "c114367e325da51f29195234b1a7c6d349e908c616df5e42773b18a67a5fa4c4", "size": 30543, "path": "media/images/Validation Output Visualizations_1_c114367e325da51f2919.png", "format": "png", "width": 1200, "height": 300}, "_timestamp": 1680900384.6523879, "_runtime": 6404.459054946899, "_step": 60, "lr-AdamW": 0.0001, "trainer/global_step": 10730, "train_loss": 0.9314694404602051, "epoch": 28, "_wandb": {"runtime": 6908}}