{"Validation Output Visualizations": {"_type": "image-file", "sha256": "b79589656e22f27f281db465dc8e4b2a60ef30506e057488d121ef1b2623acf3", "size": 51454, "path": "media/images/Validation Output Visualizations_1_b79589656e22f27f281d.png", "format": "png", "width": 1200, "height": 300}, "_timestamp": 1680892515.082495, "_runtime": 617.3870289325714, "_step": 28, "lr-AdamW": 0.0001, "trainer/global_step": 962, "train_loss": 0.6984905004501343, "epoch": 12, "_wandb": {"runtime": 627}}