{"Validation Output Visualizations": {"_type": "image-file", "sha256": "f43fa6c0f67f4546284e4c5b9858bee7cc74f4b2eca1e2e1dd19c28b1cf21bf5", "size": 55186, "path": "media/images/Validation Output Visualizations_329_f43fa6c0f67f4546284e.png", "format": "png", "width": 1200, "height": 300}, "_timestamp": 1681238669.5833638, "_runtime": 4592.84534573555, "_step": 390, "lr-AdamW": 0.0001, "trainer/global_step": 8806, "train_loss": 4.289036273956299, "epoch": 118, "val_dice": 0.4998400807380676, "val_loss": 0.9919213056564331, "_wandb": {"runtime": 4733}}