{"Validation Output Visualizations": {"_type": "image-file", "sha256": "acf819d337c7a9707513b8f9c864686404a63c8980de59df04ba14bc5442e081", "size": 33759, "path": "media/images/Validation Output Visualizations_64_acf819d337c7a9707513.png", "format": "png", "width": 1200, "height": 300}, "_timestamp": 1680270225.8711977, "_runtime": 183.8361256122589, "_step": 64, "lr-AdamW": 0.0001, "trainer/global_step": 58, "train_loss": 0.7406108379364014, "epoch": 28, "_wandb": {"runtime": 184}}